Animal,Election Precinct Int,Election Precinct Double
Dog,1,1.00000000000
Cat,2,2.00000000000
Squirrel,3,3.00000000000
Antelope,4,4.00000000000
Giraffe,5,5.00000000000
Zebra,6,6.00000000000
Lion,7,7.00000000000
Gazelle,eight,8.00000000000
